{
	"class_name" : "PinholeCameraParameters",
	"extrinsic" : 
	[
		0.94494925460267265,
		0.30324515534746127,
		-0.12293608902249802,
		0.0,
		0.16142057856119038,
		-0.75881105463298182,
		-0.63099063399051547,
		0.0,
		-0.28463011619086276,
		0.57640971463454382,
		-0.76598794888176924,
		0.0,
		-19.499096641268871,
		-5.5763756943888225,
		62.892570553735744,
		1.0
	],
	"intrinsic" : 
	{
		"height" : 600,
		"intrinsic_matrix" : 
		[
			519.6152422706632,
			0.0,
			0.0,
			0.0,
			519.6152422706632,
			0.0,
			399.5,
			299.5,
			1.0
		],
		"width" : 800
	},
	"version_major" : 1,
	"version_minor" : 0
}